{
    "$schema": "http://schema.management.azure.com/schemas/2015-01-01/deploymentTemplate.json#",
    "contentVersion": "1.0.0.0",
    "parameters": {
        "factoryName": {
            "type": "string",
            "metadata": "Data Factory name",
            "defaultValue": "adf-healthcares"
        },
        "SQL_Database_LS_password": {
            "type": "secureString",
            "metadata": "Secure string for 'password' of 'SQL_Database_LS'"
        },
        "ADB_DeltaLake_LS_accessToken": {
            "type": "secureString",
            "metadata": "Secure string for 'accessToken' of 'ADB_DeltaLake_LS'"
        },
        "SQL_Database_LS_properties_typeProperties_server": {
            "type": "string",
            "defaultValue": "healthcares-sqlserver.database.windows.net"
        },
        "SQL_Database_LS_properties_typeProperties_database": {
            "type": "string",
            "defaultValue": "@{linkedService().db_name}\n"
        },
        "SQL_Database_LS_properties_typeProperties_userName": {
            "type": "string",
            "defaultValue": "healthcares-sqlserver-admin"
        },
        "ADLS_LS_properties_typeProperties_url": {
            "type": "string",
            "defaultValue": "https://adlshealthcares.dfs.core.windows.net/"
        },
        "KV_LS_properties_typeProperties_baseUrl": {
            "type": "string",
            "defaultValue": "https://kv-healthcares.vault.azure.net/"
        },
        "Databricks_LS_properties_typeProperties_existingClusterId": {
            "type": "string",
            "defaultValue": "0209-071145-zw1449sn"
        },
        "containerUri": {
            "type": "string",
            "metadata": "URI to storage account containing linked ARM templates"
        },
        "containerSasToken": {
            "type": "string",
            "metadata": "Sas token to storage account containing linked ARM templates"
        }
    },
    "variables": {
        "factoryId": "[concat('Microsoft.DataFactory/factories/', parameters('factoryName'))]"
    },
    "resources": [
        {
            "name": "adf-healthcares_ArmTemplate_0",
            "type": "Microsoft.Resources/deployments",
            "apiVersion": "2024-03-01",
            "properties": {
                "mode": "incremental",
                "templateLink": {
                    "uri": "[concat(parameters('containerUri'), '/ArmTemplate_0.json', parameters('containerSasToken'))]",
                    "contentVersion": "1.0.0.0"
                },
                "parameters": {
                    "factoryName": {
                        "value": "[parameters('factoryName')]"
                    },
                    "SQL_Database_LS_password": {
                        "value": "[parameters('SQL_Database_LS_password')]"
                    },
                    "ADB_DeltaLake_LS_accessToken": {
                        "value": "[parameters('ADB_DeltaLake_LS_accessToken')]"
                    },
                    "SQL_Database_LS_properties_typeProperties_server": {
                        "value": "[parameters('SQL_Database_LS_properties_typeProperties_server')]"
                    },
                    "SQL_Database_LS_properties_typeProperties_database": {
                        "value": "[parameters('SQL_Database_LS_properties_typeProperties_database')]"
                    },
                    "SQL_Database_LS_properties_typeProperties_userName": {
                        "value": "[parameters('SQL_Database_LS_properties_typeProperties_userName')]"
                    },
                    "KV_LS_properties_typeProperties_baseUrl": {
                        "value": "[parameters('KV_LS_properties_typeProperties_baseUrl')]"
                    },
                    "ADLS_LS_properties_typeProperties_url": {
                        "value": "[parameters('ADLS_LS_properties_typeProperties_url')]"
                    },
                    "Databricks_LS_properties_typeProperties_existingClusterId": {
                        "value": "[parameters('Databricks_LS_properties_typeProperties_existingClusterId')]"
                    }
                }
            },
            "dependsOn": []
        }
    ]
}