{
    "$schema": "http://schema.management.azure.com/schemas/2015-01-01/deploymentTemplate.json#",
    "contentVersion": "1.0.0.0",
    "parameters": {
        "factoryName": {
            "type": "string",
            "metadata": "Data Factory name",
            "defaultValue": "adf-healthcares"
        },
        "SQL_Database_LS_password": {
            "type": "secureString",
            "metadata": "Secure string for 'password' of 'SQL_Database_LS'"
        },
        "ADB_DeltaLake_LS_accessToken": {
            "type": "secureString",
            "metadata": "Secure string for 'accessToken' of 'ADB_DeltaLake_LS'"
        },
        "SQL_Database_LS_properties_typeProperties_server": {
            "type": "string",
            "defaultValue": "healthcares-sqlserver.database.windows.net"
        },
        "SQL_Database_LS_properties_typeProperties_database": {
            "type": "string",
            "defaultValue": "@{linkedService().db_name}\n"
        },
        "SQL_Database_LS_properties_typeProperties_userName": {
            "type": "string",
            "defaultValue": "healthcares-sqlserver-admin"
        },
        "KV_LS_properties_typeProperties_baseUrl": {
            "type": "string",
            "defaultValue": "https://kv-healthcares.vault.azure.net/"
        },
        "ADLS_LS_properties_typeProperties_url": {
            "type": "string",
            "defaultValue": "https://adlshealthcares.dfs.core.windows.net/"
        },
        "Databricks_LS_properties_typeProperties_existingClusterId": {
            "type": "string",
            "defaultValue": "0209-071145-zw1449sn"
        }
    },
    "variables": {
        "factoryId": "[concat('Microsoft.DataFactory/factories/', parameters('factoryName'))]"
    },
    "resources": [
        {
            "name": "[concat(parameters('factoryName'), '/SQL_Database_LS')]",
            "type": "Microsoft.DataFactory/factories/linkedServices",
            "apiVersion": "2018-06-01",
            "properties": {
                "parameters": {
                    "db_name": {
                        "type": "String"
                    }
                },
                "annotations": [],
                "type": "AzureSqlDatabase",
                "typeProperties": {
                    "server": "[parameters('SQL_Database_LS_properties_typeProperties_server')]",
                    "database": "[parameters('SQL_Database_LS_properties_typeProperties_database')]",
                    "encrypt": "mandatory",
                    "trustServerCertificate": false,
                    "authenticationType": "SQL",
                    "userName": "[parameters('SQL_Database_LS_properties_typeProperties_userName')]",
                    "password": {
                        "type": "SecureString",
                        "value": "[parameters('SQL_Database_LS_password')]"
                    }
                }
            },
            "dependsOn": []
        },
        {
            "name": "[concat(parameters('factoryName'), '/ADB_DeltaLake_LS')]",
            "type": "Microsoft.DataFactory/factories/linkedServices",
            "apiVersion": "2018-06-01",
            "properties": {
                "annotations": [],
                "type": "AzureDatabricksDeltaLake",
                "typeProperties": {
                    "domain": "https://adb-1685144997317786.6.azuredatabricks.net/",
                    "clusterId": "0209-071145-zw1449sn",
                    "accessToken": {
                        "type": "SecureString",
                        "value": "[parameters('ADB_DeltaLake_LS_accessToken')]"
                    }
                }
            },
            "dependsOn": []
        },
        {
            "name": "[concat(parameters('factoryName'), '/KV_LS')]",
            "type": "Microsoft.DataFactory/factories/linkedServices",
            "apiVersion": "2018-06-01",
            "properties": {
                "annotations": [],
                "type": "AzureKeyVault",
                "typeProperties": {
                    "baseUrl": "[parameters('KV_LS_properties_typeProperties_baseUrl')]"
                }
            },
            "dependsOn": []
        },
        {
            "name": "[concat(parameters('factoryName'), '/ADLS_LS')]",
            "type": "Microsoft.DataFactory/factories/linkedServices",
            "apiVersion": "2018-06-01",
            "properties": {
                "annotations": [],
                "type": "AzureBlobFS",
                "typeProperties": {
                    "url": "[parameters('ADLS_LS_properties_typeProperties_url')]",
                    "accountKey": {
                        "type": "AzureKeyVaultSecret",
                        "store": {
                            "referenceName": "KV_LS",
                            "type": "LinkedServiceReference"
                        },
                        "secretName": "adls-access-key"
                    }
                }
            },
            "dependsOn": [
                "[concat(variables('factoryId'), '/linkedServices/KV_LS')]"
            ]
        },
        {
            "name": "[concat(parameters('factoryName'), '/Databricks_LS')]",
            "type": "Microsoft.DataFactory/factories/linkedServices",
            "apiVersion": "2018-06-01",
            "properties": {
                "annotations": [],
                "type": "AzureDatabricks",
                "typeProperties": {
                    "domain": "https://adb-1685144997317786.6.azuredatabricks.net/",
                    "accessToken": {
                        "type": "AzureKeyVaultSecret",
                        "store": {
                            "referenceName": "KV_LS",
                            "type": "LinkedServiceReference"
                        },
                        "secretName": "adb-access-key"
                    },
                    "existingClusterId": "[parameters('Databricks_LS_properties_typeProperties_existingClusterId')]"
                }
            },
            "dependsOn": [
                "[concat(variables('factoryId'), '/linkedServices/KV_LS')]"
            ]
        },
        {
            "name": "[concat(parameters('factoryName'), '/sqldatabase_DS')]",
            "type": "Microsoft.DataFactory/factories/datasets",
            "apiVersion": "2018-06-01",
            "properties": {
                "linkedServiceName": {
                    "referenceName": "SQL_Database_LS",
                    "type": "LinkedServiceReference",
                    "parameters": {
                        "db_name": {
                            "value": "@dataset().db_name",
                            "type": "Expression"
                        }
                    }
                },
                "parameters": {
                    "db_name": {
                        "type": "string"
                    },
                    "schema_name": {
                        "type": "string"
                    },
                    "table_name": {
                        "type": "string"
                    }
                },
                "annotations": [],
                "type": "AzureSqlTable",
                "schema": [],
                "typeProperties": {
                    "schema": {
                        "value": "@dataset().schema_name",
                        "type": "Expression"
                    },
                    "table": {
                        "value": "@dataset().table_name",
                        "type": "Expression"
                    }
                }
            },
            "dependsOn": [
                "[concat(variables('factoryId'), '/linkedServices/SQL_Database_LS')]"
            ]
        },
        {
            "name": "[concat(parameters('factoryName'), '/adbDeltaLake_DS')]",
            "type": "Microsoft.DataFactory/factories/datasets",
            "apiVersion": "2018-06-01",
            "properties": {
                "linkedServiceName": {
                    "referenceName": "ADB_DeltaLake_LS",
                    "type": "LinkedServiceReference"
                },
                "parameters": {
                    "schema_name": {
                        "type": "string"
                    },
                    "table_name": {
                        "type": "string"
                    }
                },
                "annotations": [],
                "type": "AzureDatabricksDeltaLakeDataset",
                "typeProperties": {
                    "database": {
                        "value": "@dataset().schema_name",
                        "type": "Expression"
                    },
                    "table": {
                        "value": "@dataset().table_name",
                        "type": "Expression"
                    }
                },
                "schema": []
            },
            "dependsOn": [
                "[concat(variables('factoryId'), '/linkedServices/ADB_DeltaLake_LS')]"
            ]
        },
        {
            "name": "[concat(parameters('factoryName'), '/adls_flat_file_DS')]",
            "type": "Microsoft.DataFactory/factories/datasets",
            "apiVersion": "2018-06-01",
            "properties": {
                "linkedServiceName": {
                    "referenceName": "ADLS_LS",
                    "type": "LinkedServiceReference"
                },
                "parameters": {
                    "container": {
                        "type": "string"
                    },
                    "file_path": {
                        "type": "string"
                    },
                    "file_name": {
                        "type": "string"
                    }
                },
                "annotations": [],
                "type": "DelimitedText",
                "typeProperties": {
                    "location": {
                        "type": "AzureBlobFSLocation",
                        "fileName": {
                            "value": "@dataset().file_name",
                            "type": "Expression"
                        },
                        "folderPath": {
                            "value": "@dataset().file_path",
                            "type": "Expression"
                        },
                        "fileSystem": {
                            "value": "@dataset().container",
                            "type": "Expression"
                        }
                    },
                    "columnDelimiter": ",",
                    "escapeChar": "\\",
                    "firstRowAsHeader": true,
                    "quoteChar": "\""
                },
                "schema": []
            },
            "dependsOn": [
                "[concat(variables('factoryId'), '/linkedServices/ADLS_LS')]"
            ]
        },
        {
            "name": "[concat(parameters('factoryName'), '/adls_parquet_DS')]",
            "type": "Microsoft.DataFactory/factories/datasets",
            "apiVersion": "2018-06-01",
            "properties": {
                "linkedServiceName": {
                    "referenceName": "ADLS_LS",
                    "type": "LinkedServiceReference"
                },
                "parameters": {
                    "container": {
                        "type": "string"
                    },
                    "file_path": {
                        "type": "string"
                    },
                    "file_name": {
                        "type": "string"
                    }
                },
                "annotations": [],
                "type": "Parquet",
                "typeProperties": {
                    "location": {
                        "type": "AzureBlobFSLocation",
                        "fileName": {
                            "value": "@dataset().file_name",
                            "type": "Expression"
                        },
                        "folderPath": {
                            "value": "@dataset().file_path",
                            "type": "Expression"
                        },
                        "fileSystem": {
                            "value": "@dataset().container",
                            "type": "Expression"
                        }
                    },
                    "compressionCodec": "snappy"
                },
                "schema": []
            },
            "dependsOn": [
                "[concat(variables('factoryId'), '/linkedServices/ADLS_LS')]"
            ]
        },
        {
            "name": "[concat(parameters('factoryName'), '/pipeline_copy_from_emr')]",
            "type": "Microsoft.DataFactory/factories/pipelines",
            "apiVersion": "2018-06-01",
            "properties": {
                "activities": [
                    {
                        "name": "If load_type is",
                        "type": "IfCondition",
                        "dependsOn": [],
                        "userProperties": [],
                        "typeProperties": {
                            "expression": {
                                "value": "@equals(pipeline().parameters.Load_Type,'Full')",
                                "type": "Expression"
                            },
                            "ifFalseActivities": [
                                {
                                    "name": "Fetch_Logs",
                                    "type": "Lookup",
                                    "dependsOn": [],
                                    "policy": {
                                        "timeout": "0.12:00:00",
                                        "retry": 0,
                                        "retryIntervalInSeconds": 30,
                                        "secureOutput": false,
                                        "secureInput": false
                                    },
                                    "userProperties": [],
                                    "typeProperties": {
                                        "source": {
                                            "type": "AzureDatabricksDeltaLakeSource",
                                            "query": {
                                                "value": "@concat('select coalesce(cast(max(loaddate) as\ndate),''','1900-01-01',''') as last_fetched_date from audit.load_logs\nwhere',' data_source=''',pipeline().parameters.datasource,''' and\ntablename=''',pipeline().parameters.tablename,'''')",
                                                "type": "Expression"
                                            }
                                        },
                                        "dataset": {
                                            "referenceName": "adbDeltaLake_DS",
                                            "type": "DatasetReference",
                                            "parameters": {
                                                "schema_name": "'aa'",
                                                "table_name": "'a'"
                                            }
                                        }
                                    }
                                },
                                {
                                    "name": "Incremental_Load_Copy",
                                    "type": "Copy",
                                    "dependsOn": [
                                        {
                                            "activity": "Fetch_Logs",
                                            "dependencyConditions": [
                                                "Succeeded"
                                            ]
                                        }
                                    ],
                                    "policy": {
                                        "timeout": "0.12:00:00",
                                        "retry": 0,
                                        "retryIntervalInSeconds": 30,
                                        "secureOutput": false,
                                        "secureInput": false
                                    },
                                    "userProperties": [],
                                    "typeProperties": {
                                        "source": {
                                            "type": "AzureSqlSource",
                                            "sqlReaderQuery": {
                                                "value": "@concat('select *,''',pipeline().parameters.datasource,''' as\ndatasource from ',pipeline().parameters.tablename,' where\n',pipeline().parameters.watermark,' >=\n''',activity('Fetch_logs').output.firstRow.last_fetched_date,'''')",
                                                "type": "Expression"
                                            },
                                            "queryTimeout": "02:00:00",
                                            "partitionOption": "None"
                                        },
                                        "sink": {
                                            "type": "ParquetSink",
                                            "storeSettings": {
                                                "type": "AzureBlobFSWriteSettings"
                                            },
                                            "formatSettings": {
                                                "type": "ParquetWriteSettings"
                                            }
                                        },
                                        "enableStaging": false,
                                        "translator": {
                                            "type": "TabularTranslator",
                                            "typeConversion": true,
                                            "typeConversionSettings": {
                                                "allowDataTruncation": true,
                                                "treatBooleanAsNumber": false
                                            }
                                        }
                                    },
                                    "inputs": [
                                        {
                                            "referenceName": "sqldatabase_DS",
                                            "type": "DatasetReference",
                                            "parameters": {
                                                "db_name": {
                                                    "value": "@pipeline().parameters.database",
                                                    "type": "Expression"
                                                },
                                                "schema_name": {
                                                    "value": "@split(pipeline().parameters.tablename,'.')[0]",
                                                    "type": "Expression"
                                                },
                                                "table_name": {
                                                    "value": "@split(pipeline().parameters.tablename, '.')[1]",
                                                    "type": "Expression"
                                                }
                                            }
                                        }
                                    ],
                                    "outputs": [
                                        {
                                            "referenceName": "adls_parquet_DS",
                                            "type": "DatasetReference",
                                            "parameters": {
                                                "container": "bronze",
                                                "file_path": {
                                                    "value": "@pipeline().parameters.targetpath",
                                                    "type": "Expression"
                                                },
                                                "file_name": {
                                                    "value": "@split(pipeline().parameters.tablename, '.')[1]",
                                                    "type": "Expression"
                                                }
                                            }
                                        }
                                    ]
                                },
                                {
                                    "name": "Insert_Logs_Incremental_Load",
                                    "type": "Lookup",
                                    "dependsOn": [
                                        {
                                            "activity": "Incremental_Load_Copy",
                                            "dependencyConditions": [
                                                "Succeeded"
                                            ]
                                        }
                                    ],
                                    "policy": {
                                        "timeout": "0.12:00:00",
                                        "retry": 0,
                                        "retryIntervalInSeconds": 30,
                                        "secureOutput": false,
                                        "secureInput": false
                                    },
                                    "userProperties": [],
                                    "typeProperties": {
                                        "source": {
                                            "type": "AzureDatabricksDeltaLakeSource",
                                            "query": {
                                                "value": "@concat('insert into\naudit.load_logs(data_source,tablename,numberofrowscopied,watermarkcolum\nnname,loaddate) values (''',pipeline().parameters.datasource,''',\n''',pipeline().parameters.tablename,''',''',activity('Incremental_Load_Copy').output.rowscopied,''',''',pipeline().parameters.watermark,''',''',\nutcNow(),''')')",
                                                "type": "Expression"
                                            }
                                        },
                                        "dataset": {
                                            "referenceName": "adbDeltaLake_DS",
                                            "type": "DatasetReference",
                                            "parameters": {
                                                "schema_name": "'aa'",
                                                "table_name": "'a'"
                                            }
                                        }
                                    }
                                }
                            ],
                            "ifTrueActivities": [
                                {
                                    "name": "Full_Load_Copy",
                                    "type": "Copy",
                                    "dependsOn": [],
                                    "policy": {
                                        "timeout": "0.12:00:00",
                                        "retry": 0,
                                        "retryIntervalInSeconds": 30,
                                        "secureOutput": false,
                                        "secureInput": false
                                    },
                                    "userProperties": [],
                                    "typeProperties": {
                                        "source": {
                                            "type": "AzureSqlSource",
                                            "sqlReaderQuery": {
                                                "value": "@concat('select *,''',pipeline().parameters.datasource,''' as\ndatasource from ',pipeline().parameters.tablename)",
                                                "type": "Expression"
                                            },
                                            "queryTimeout": "02:00:00",
                                            "partitionOption": "None"
                                        },
                                        "sink": {
                                            "type": "ParquetSink",
                                            "storeSettings": {
                                                "type": "AzureBlobFSWriteSettings"
                                            },
                                            "formatSettings": {
                                                "type": "ParquetWriteSettings"
                                            }
                                        },
                                        "enableStaging": false,
                                        "translator": {
                                            "type": "TabularTranslator",
                                            "typeConversion": true,
                                            "typeConversionSettings": {
                                                "allowDataTruncation": true,
                                                "treatBooleanAsNumber": false
                                            }
                                        }
                                    },
                                    "inputs": [
                                        {
                                            "referenceName": "sqldatabase_DS",
                                            "type": "DatasetReference",
                                            "parameters": {
                                                "db_name": {
                                                    "value": "@pipeline().parameters.database",
                                                    "type": "Expression"
                                                },
                                                "schema_name": {
                                                    "value": "@split(pipeline().parameters.tablename, '.')[0]",
                                                    "type": "Expression"
                                                },
                                                "table_name": {
                                                    "value": "@split(pipeline().parameters.tablename, '.')[1]",
                                                    "type": "Expression"
                                                }
                                            }
                                        }
                                    ],
                                    "outputs": [
                                        {
                                            "referenceName": "adls_parquet_DS",
                                            "type": "DatasetReference",
                                            "parameters": {
                                                "container": "bronze",
                                                "file_path": {
                                                    "value": "@pipeline().parameters.targetpath",
                                                    "type": "Expression"
                                                },
                                                "file_name": {
                                                    "value": "@split(pipeline().parameters.tablename, '.')[1]",
                                                    "type": "Expression"
                                                }
                                            }
                                        }
                                    ]
                                },
                                {
                                    "name": "Insert_Logs_Full_Load",
                                    "type": "Lookup",
                                    "dependsOn": [
                                        {
                                            "activity": "Full_Load_Copy",
                                            "dependencyConditions": [
                                                "Succeeded"
                                            ]
                                        }
                                    ],
                                    "policy": {
                                        "timeout": "0.12:00:00",
                                        "retry": 0,
                                        "retryIntervalInSeconds": 30,
                                        "secureOutput": false,
                                        "secureInput": false
                                    },
                                    "userProperties": [],
                                    "typeProperties": {
                                        "source": {
                                            "type": "AzureDatabricksDeltaLakeSource",
                                            "query": {
                                                "value": "@concat('insert into\naudit.load_logs(data_source,tablename,numberofrowscopied,watermarkcolumnname,loaddate) values (''',pipeline().parameters.datasource,''',\n''',pipeline().parameters.tablename,''',''',activity('Full_Load_Copy').output.rowscopied,''',''',pipeline().parameters.watermark,''',''',\nutcNow(),''')')",
                                                "type": "Expression"
                                            }
                                        },
                                        "dataset": {
                                            "referenceName": "adbDeltaLake_DS",
                                            "type": "DatasetReference",
                                            "parameters": {
                                                "schema_name": "'aa'",
                                                "table_name": "'a'"
                                            }
                                        }
                                    }
                                }
                            ]
                        }
                    }
                ],
                "policy": {
                    "elapsedTimeMetric": {}
                },
                "parameters": {
                    "Load_Type": {
                        "type": "string"
                    },
                    "database": {
                        "type": "string"
                    },
                    "tablename": {
                        "type": "string"
                    },
                    "datasource": {
                        "type": "string"
                    },
                    "targetpath": {
                        "type": "string"
                    },
                    "watermark": {
                        "type": "string"
                    }
                },
                "annotations": [],
                "lastPublishTime": "2025-02-28T20:54:29Z"
            },
            "dependsOn": [
                "[concat(variables('factoryId'), '/datasets/adbDeltaLake_DS')]",
                "[concat(variables('factoryId'), '/datasets/sqldatabase_DS')]",
                "[concat(variables('factoryId'), '/datasets/adls_parquet_DS')]"
            ]
        },
        {
            "name": "[concat(parameters('factoryName'), '/pipeline_emr_source_to_landing')]",
            "type": "Microsoft.DataFactory/factories/pipelines",
            "apiVersion": "2018-06-01",
            "properties": {
                "activities": [
                    {
                        "name": "Lookup_EMR_configs",
                        "type": "Lookup",
                        "dependsOn": [],
                        "policy": {
                            "timeout": "0.12:00:00",
                            "retry": 0,
                            "retryIntervalInSeconds": 30,
                            "secureOutput": false,
                            "secureInput": false
                        },
                        "userProperties": [],
                        "typeProperties": {
                            "source": {
                                "type": "DelimitedTextSource",
                                "storeSettings": {
                                    "type": "AzureBlobFSReadSettings",
                                    "recursive": true,
                                    "enablePartitionDiscovery": false
                                },
                                "formatSettings": {
                                    "type": "DelimitedTextReadSettings"
                                }
                            },
                            "dataset": {
                                "referenceName": "adls_flat_file_DS",
                                "type": "DatasetReference",
                                "parameters": {
                                    "container": "configs",
                                    "file_path": "emr",
                                    "file_name": "load_config.csv"
                                }
                            }
                        }
                    },
                    {
                        "name": "ForEach",
                        "type": "ForEach",
                        "dependsOn": [
                            {
                                "activity": "Lookup_EMR_configs",
                                "dependencyConditions": [
                                    "Succeeded"
                                ]
                            }
                        ],
                        "userProperties": [],
                        "typeProperties": {
                            "items": {
                                "value": "@activity('Lookup_EMR_configs').output.value",
                                "type": "Expression"
                            },
                            "isSequential": false,
                            "batchCount": 5,
                            "activities": [
                                {
                                    "name": "File_Exists",
                                    "type": "GetMetadata",
                                    "dependsOn": [],
                                    "policy": {
                                        "timeout": "0.12:00:00",
                                        "retry": 0,
                                        "retryIntervalInSeconds": 30,
                                        "secureOutput": false,
                                        "secureInput": false
                                    },
                                    "userProperties": [],
                                    "typeProperties": {
                                        "dataset": {
                                            "referenceName": "adls_parquet_DS",
                                            "type": "DatasetReference",
                                            "parameters": {
                                                "container": "bronze",
                                                "file_path": {
                                                    "value": "@item().targetpath",
                                                    "type": "Expression"
                                                },
                                                "file_name": {
                                                    "value": "@split(item().tablename,'.')[1]",
                                                    "type": "Expression"
                                                }
                                            }
                                        },
                                        "fieldList": [
                                            "exists"
                                        ],
                                        "storeSettings": {
                                            "type": "AzureBlobFSReadSettings",
                                            "recursive": true,
                                            "enablePartitionDiscovery": false
                                        },
                                        "formatSettings": {
                                            "type": "ParquetReadSettings"
                                        }
                                    }
                                },
                                {
                                    "name": "If File Exists in Bronze then Archive",
                                    "type": "IfCondition",
                                    "dependsOn": [
                                        {
                                            "activity": "File_Exists",
                                            "dependencyConditions": [
                                                "Succeeded"
                                            ]
                                        }
                                    ],
                                    "userProperties": [],
                                    "typeProperties": {
                                        "expression": {
                                            "value": "@and(equals(activity('File_Exists').output.exists,true),equals(item().is_active, '1'))",
                                            "type": "Expression"
                                        },
                                        "ifTrueActivities": [
                                            {
                                                "name": "Archive File",
                                                "type": "Copy",
                                                "dependsOn": [],
                                                "policy": {
                                                    "timeout": "0.12:00:00",
                                                    "retry": 0,
                                                    "retryIntervalInSeconds": 30,
                                                    "secureOutput": false,
                                                    "secureInput": false
                                                },
                                                "userProperties": [],
                                                "typeProperties": {
                                                    "source": {
                                                        "type": "ParquetSource",
                                                        "storeSettings": {
                                                            "type": "AzureBlobFSReadSettings",
                                                            "recursive": true,
                                                            "enablePartitionDiscovery": false
                                                        },
                                                        "formatSettings": {
                                                            "type": "ParquetReadSettings"
                                                        }
                                                    },
                                                    "sink": {
                                                        "type": "ParquetSink",
                                                        "storeSettings": {
                                                            "type": "AzureBlobFSWriteSettings"
                                                        },
                                                        "formatSettings": {
                                                            "type": "ParquetWriteSettings"
                                                        }
                                                    },
                                                    "enableStaging": false,
                                                    "translator": {
                                                        "type": "TabularTranslator",
                                                        "typeConversion": true,
                                                        "typeConversionSettings": {
                                                            "allowDataTruncation": true,
                                                            "treatBooleanAsNumber": false
                                                        }
                                                    }
                                                },
                                                "inputs": [
                                                    {
                                                        "referenceName": "adls_parquet_DS",
                                                        "type": "DatasetReference",
                                                        "parameters": {
                                                            "container": "bronze",
                                                            "file_path": {
                                                                "value": "@item().targetpath",
                                                                "type": "Expression"
                                                            },
                                                            "file_name": {
                                                                "value": "@split(item().tablename,'.')[1]",
                                                                "type": "Expression"
                                                            }
                                                        }
                                                    }
                                                ],
                                                "outputs": [
                                                    {
                                                        "referenceName": "adls_parquet_DS",
                                                        "type": "DatasetReference",
                                                        "parameters": {
                                                            "container": "bronze",
                                                            "file_path": {
                                                                "value": "@concat(item().targetpath,'/archive',formatDateTime(utcNow(),'yyyy'),'/',formatDateTime(utcNow(),'%M'),'/',formatDateTime(utcNow(),'%d'))",
                                                                "type": "Expression"
                                                            },
                                                            "file_name": {
                                                                "value": "@split(item().tablename,'.')[1]",
                                                                "type": "Expression"
                                                            }
                                                        }
                                                    }
                                                ]
                                            }
                                        ]
                                    }
                                },
                                {
                                    "name": "If load_type is",
                                    "type": "IfCondition",
                                    "state": "Inactive",
                                    "onInactiveMarkAs": "Succeeded",
                                    "dependsOn": [
                                        {
                                            "activity": "If File Exists in Bronze then Archive",
                                            "dependencyConditions": [
                                                "Succeeded"
                                            ]
                                        }
                                    ],
                                    "userProperties": [],
                                    "typeProperties": {
                                        "expression": {
                                            "value": "@equals(item().loadtype,'Full')",
                                            "type": "Expression"
                                        },
                                        "ifFalseActivities": [
                                            {
                                                "name": "Fetch_Logs",
                                                "type": "Lookup",
                                                "dependsOn": [],
                                                "policy": {
                                                    "timeout": "0.12:00:00",
                                                    "retry": 0,
                                                    "retryIntervalInSeconds": 30,
                                                    "secureOutput": false,
                                                    "secureInput": false
                                                },
                                                "userProperties": [],
                                                "typeProperties": {
                                                    "source": {
                                                        "type": "AzureDatabricksDeltaLakeSource",
                                                        "query": {
                                                            "value": "@concat('select  coalesce(cast(max(loaddate) as date),''','1900-01-01',''')as last_fetched_date from audit.load_logs where','data_source=''',item().datasource,''' and tablename=''',item().tablename,'''')",
                                                            "type": "Expression"
                                                        }
                                                    },
                                                    "dataset": {
                                                        "referenceName": "adbDeltaLake_DS",
                                                        "type": "DatasetReference",
                                                        "parameters": {
                                                            "schema_name": "'aa'",
                                                            "table_name": "'a'"
                                                        }
                                                    }
                                                }
                                            },
                                            {
                                                "name": "Incremental_Load_Copy",
                                                "type": "Copy",
                                                "dependsOn": [
                                                    {
                                                        "activity": "Fetch_Logs",
                                                        "dependencyConditions": [
                                                            "Succeeded"
                                                        ]
                                                    }
                                                ],
                                                "policy": {
                                                    "timeout": "0.12:00:00",
                                                    "retry": 0,
                                                    "retryIntervalInSeconds": 30,
                                                    "secureOutput": false,
                                                    "secureInput": false
                                                },
                                                "userProperties": [],
                                                "typeProperties": {
                                                    "source": {
                                                        "type": "AzureSqlSource",
                                                        "sqlReaderQuery": {
                                                            "value": "@concat('select *,''',item().datasource,''' as datasource from\n',item().tablename,' where ',item().watermark,' >=\n''',activity('Fetch_Logs').output.firstRow.last_fetched_date,'''')",
                                                            "type": "Expression"
                                                        },
                                                        "queryTimeout": "02:00:00",
                                                        "partitionOption": "None"
                                                    },
                                                    "sink": {
                                                        "type": "ParquetSink",
                                                        "storeSettings": {
                                                            "type": "AzureBlobFSWriteSettings"
                                                        },
                                                        "formatSettings": {
                                                            "type": "ParquetWriteSettings"
                                                        }
                                                    },
                                                    "enableStaging": false,
                                                    "translator": {
                                                        "type": "TabularTranslator",
                                                        "typeConversion": true,
                                                        "typeConversionSettings": {
                                                            "allowDataTruncation": true,
                                                            "treatBooleanAsNumber": false
                                                        }
                                                    }
                                                },
                                                "inputs": [
                                                    {
                                                        "referenceName": "sqldatabase_DS",
                                                        "type": "DatasetReference",
                                                        "parameters": {
                                                            "db_name": {
                                                                "value": "@item().database",
                                                                "type": "Expression"
                                                            },
                                                            "schema_name": {
                                                                "value": "@split(item().tablename,'.')[0]",
                                                                "type": "Expression"
                                                            },
                                                            "table_name": {
                                                                "value": "@split(item().tablename,'.')[1]",
                                                                "type": "Expression"
                                                            }
                                                        }
                                                    }
                                                ],
                                                "outputs": [
                                                    {
                                                        "referenceName": "adls_parquet_DS",
                                                        "type": "DatasetReference",
                                                        "parameters": {
                                                            "container": "bronze",
                                                            "file_path": {
                                                                "value": "@item().targetpath",
                                                                "type": "Expression"
                                                            },
                                                            "file_name": {
                                                                "value": "@split(item().tablename,'.')[1]",
                                                                "type": "Expression"
                                                            }
                                                        }
                                                    }
                                                ]
                                            },
                                            {
                                                "name": "Insert_Logs_Incremental_Load",
                                                "type": "Lookup",
                                                "dependsOn": [
                                                    {
                                                        "activity": "Incremental_Load_Copy",
                                                        "dependencyConditions": [
                                                            "Succeeded"
                                                        ]
                                                    }
                                                ],
                                                "policy": {
                                                    "timeout": "0.12:00:00",
                                                    "retry": 0,
                                                    "retryIntervalInSeconds": 30,
                                                    "secureOutput": false,
                                                    "secureInput": false
                                                },
                                                "userProperties": [],
                                                "typeProperties": {
                                                    "source": {
                                                        "type": "AzureDatabricksDeltaLakeSource",
                                                        "query": {
                                                            "value": "@concat('insert into\naudit.load_logs(data_source,tablename,numberofrowscopied,watermarkcolumnname,loaddate) values (''',item().datasource,''',''',item().tablename,''',''',activity('Incremental_Load_Copy').output.rowscopied,''',''',item().watermark,''',''',utcNow(),''')')",
                                                            "type": "Expression"
                                                        }
                                                    },
                                                    "dataset": {
                                                        "referenceName": "adbDeltaLake_DS",
                                                        "type": "DatasetReference",
                                                        "parameters": {
                                                            "schema_name": "'aa'",
                                                            "table_name": "'a'"
                                                        }
                                                    }
                                                }
                                            }
                                        ],
                                        "ifTrueActivities": [
                                            {
                                                "name": "Full_Load_Copy",
                                                "type": "Copy",
                                                "dependsOn": [],
                                                "policy": {
                                                    "timeout": "0.12:00:00",
                                                    "retry": 0,
                                                    "retryIntervalInSeconds": 30,
                                                    "secureOutput": false,
                                                    "secureInput": false
                                                },
                                                "userProperties": [],
                                                "typeProperties": {
                                                    "source": {
                                                        "type": "AzureSqlSource",
                                                        "sqlReaderQuery": {
                                                            "value": "@concat('select *,''',item().datasource,''' as datasource from ', item().tablename)",
                                                            "type": "Expression"
                                                        },
                                                        "queryTimeout": "02:00:00",
                                                        "partitionOption": "None"
                                                    },
                                                    "sink": {
                                                        "type": "ParquetSink",
                                                        "storeSettings": {
                                                            "type": "AzureBlobFSWriteSettings"
                                                        },
                                                        "formatSettings": {
                                                            "type": "ParquetWriteSettings"
                                                        }
                                                    },
                                                    "enableStaging": false,
                                                    "translator": {
                                                        "type": "TabularTranslator",
                                                        "typeConversion": true,
                                                        "typeConversionSettings": {
                                                            "allowDataTruncation": true,
                                                            "treatBooleanAsNumber": false
                                                        }
                                                    }
                                                },
                                                "inputs": [
                                                    {
                                                        "referenceName": "sqldatabase_DS",
                                                        "type": "DatasetReference",
                                                        "parameters": {
                                                            "db_name": {
                                                                "value": "@item().database",
                                                                "type": "Expression"
                                                            },
                                                            "schema_name": {
                                                                "value": "@split(item().tablename,'.')[0]",
                                                                "type": "Expression"
                                                            },
                                                            "table_name": {
                                                                "value": "@split(item().tablename,'.')[1]",
                                                                "type": "Expression"
                                                            }
                                                        }
                                                    }
                                                ],
                                                "outputs": [
                                                    {
                                                        "referenceName": "adls_parquet_DS",
                                                        "type": "DatasetReference",
                                                        "parameters": {
                                                            "container": "bronze",
                                                            "file_path": {
                                                                "value": "@item().targetpath",
                                                                "type": "Expression"
                                                            },
                                                            "file_name": {
                                                                "value": "@split(item().tablename,'.')[1]",
                                                                "type": "Expression"
                                                            }
                                                        }
                                                    }
                                                ]
                                            },
                                            {
                                                "name": "Insert_Logs_Full_Load",
                                                "type": "Lookup",
                                                "dependsOn": [
                                                    {
                                                        "activity": "Full_Load_Copy",
                                                        "dependencyConditions": [
                                                            "Succeeded"
                                                        ]
                                                    }
                                                ],
                                                "policy": {
                                                    "timeout": "0.12:00:00",
                                                    "retry": 0,
                                                    "retryIntervalInSeconds": 30,
                                                    "secureOutput": false,
                                                    "secureInput": false
                                                },
                                                "userProperties": [],
                                                "typeProperties": {
                                                    "source": {
                                                        "type": "AzureDatabricksDeltaLakeSource",
                                                        "query": {
                                                            "value": "@concat('insert into\naudit.load_logs(data_source,tablename,numberofrowscopied,watermarkcolumnname,loaddate) values (''',item().datasource,''',''',item().tablename,''',''',activity('Full_Load_Copy').output.rowscopied,''',''',item().watermark,''',''',utcNow(),''')')",
                                                            "type": "Expression"
                                                        }
                                                    },
                                                    "dataset": {
                                                        "referenceName": "adbDeltaLake_DS",
                                                        "type": "DatasetReference",
                                                        "parameters": {
                                                            "schema_name": "'aa'",
                                                            "table_name": "'a'"
                                                        }
                                                    }
                                                }
                                            }
                                        ]
                                    }
                                },
                                {
                                    "name": "If is_active",
                                    "type": "IfCondition",
                                    "dependsOn": [
                                        {
                                            "activity": "If load_type is",
                                            "dependencyConditions": [
                                                "Succeeded"
                                            ]
                                        }
                                    ],
                                    "userProperties": [],
                                    "typeProperties": {
                                        "expression": {
                                            "value": "@equals(item().is_active,'1')",
                                            "type": "Expression"
                                        },
                                        "ifTrueActivities": [
                                            {
                                                "name": "Execute Pipeline_copy_from_emr",
                                                "type": "ExecutePipeline",
                                                "dependsOn": [],
                                                "policy": {
                                                    "secureInput": false
                                                },
                                                "userProperties": [],
                                                "typeProperties": {
                                                    "pipeline": {
                                                        "referenceName": "pipeline_copy_from_emr",
                                                        "type": "PipelineReference"
                                                    },
                                                    "waitOnCompletion": true,
                                                    "parameters": {
                                                        "Load_Type": {
                                                            "value": "@item().loadtype",
                                                            "type": "Expression"
                                                        },
                                                        "database": {
                                                            "value": "@item().database",
                                                            "type": "Expression"
                                                        },
                                                        "tablename": {
                                                            "value": "@item().tablename",
                                                            "type": "Expression"
                                                        },
                                                        "datasource": {
                                                            "value": "@item().datasource",
                                                            "type": "Expression"
                                                        },
                                                        "targetpath": {
                                                            "value": "@item().targetpath",
                                                            "type": "Expression"
                                                        },
                                                        "watermark": {
                                                            "value": "@item().watermark",
                                                            "type": "Expression"
                                                        }
                                                    }
                                                }
                                            }
                                        ]
                                    }
                                }
                            ]
                        }
                    }
                ],
                "policy": {
                    "elapsedTimeMetric": {}
                },
                "annotations": [],
                "lastPublishTime": "2025-02-28T20:38:36Z"
            },
            "dependsOn": [
                "[concat(variables('factoryId'), '/datasets/adls_flat_file_DS')]",
                "[concat(variables('factoryId'), '/datasets/adls_parquet_DS')]",
                "[concat(variables('factoryId'), '/datasets/adbDeltaLake_DS')]",
                "[concat(variables('factoryId'), '/datasets/sqldatabase_DS')]",
                "[concat(variables('factoryId'), '/pipelines/pipeline_copy_from_emr')]"
            ]
        }
    ]
}