{
    "$schema": "https://schema.management.azure.com/schemas/2015-01-01/deploymentParameters.json#",
    "contentVersion": "1.0.0.0",
    "parameters": {
        "factoryName": {
            "value": "adf-healthcares"
        },
        "SQL_Database_LS_password": {
            "value": ""
        },
        "ADB_DeltaLake_LS_accessToken": {
            "value": ""
        },
        "SQL_Database_LS_properties_typeProperties_server": {
            "value": "healthcares-sqlserver.database.windows.net"
        },
        "SQL_Database_LS_properties_typeProperties_database": {
            "value": "@{linkedService().db_name}\n"
        },
        "SQL_Database_LS_properties_typeProperties_userName": {
            "value": "healthcares-sqlserver-admin"
        },
        "ADLS_LS_properties_typeProperties_url": {
            "value": "https://adlshealthcares.dfs.core.windows.net/"
        },
        "KV_LS_properties_typeProperties_baseUrl": {
            "value": "https://kv-healthcares.vault.azure.net/"
        },
        "Databricks_LS_properties_typeProperties_existingClusterId": {
            "value": "0209-071145-zw1449sn"
        }
    }
}